"Nid","Title","field_activity_when","field_activity_body","filepath","field_activity_video","field_sanco_news_subtitle"
3441,"Brussels sprout coriander water chestnut gourd swiss chard wakame kohlrabi beetroot carrot watercress",1401808116,"<p>Pellentesque habitant morbi tristique senectus et netus et malesuada fames ac turpis egestas. Vestibulum tortor quam, feugiat vitae, ultricies eget, tempor sit amet, ante. Donec eu libero sit amet quam egestas semper. Aenean ultricies mi vitae est. Mauris placerat eleifend leo. Quisque sit amet est et sapien ullamcorper pharetra. Vestibulum erat wisi, condimentum sed, commodo vitae, ornare sit amet, wisi. Aenean fermentum, elit eget tincidunt condimentum, eros ipsum rutrum orci, sagittis tempus lacus enim ac dui. Donec non enim in turpis pulvinar facilisis. Ut felis. Praesent dapibus, neque id cursus faucibus, tortor neque egestas augue, eu vulputate magna eros eu erat. Aliquam erat volutpat. Nam dui mi, tincidunt quis, accumsan porttitor, facilisis luctus, metus</p>","http://static.freepik.com/foto-gratis/comida-sana--sandias--pina--frutas_3213757.jpg|http://www.onmytrainingshoes.com/wp-content/uploads/2014/02/1.jpg|http://image1.playgroundmag.net/web/imagine/EDET_670_AUTO/admin/files/la-comida-organica-es-verdaderamente-mas-sana-y-nutritiva-que-la-comida-convencional_281112_1354091718_74_.jpg|http://static.freepik.com/foto-gratis/comidas--bebidas-alimentos--comida-rapida--comida-sana_3295873.jpg|http://www.tecnicasderelajacion.org/wp-content/uploads/2010/06/dietasanapeq.jpg","https://www.youtube.com/watch?v=86Kyvi8slDo"," in sodales velit dapibus pulvinar. Praesent posuere sollicitudin molestie. Donec cursus enim et sapien fermentum tempus."
3442,"w ricebean rutabaga endive cauliflower sea lettuce k",1401808116,"<p>Pellentesque habitant morbi tristique senectus et netus et malesuada fames ac turpis egestas. Vestibulum tortor quam, feugiat vitae, ultricies eget, tempor sit amet, ante. Donec eu libero sit amet quam egestas semper. Aenean ultricies mi vitae est. Mauris placerat eleifend leo. Quisque sit amet est et sapien ullamcorper pharetra. Vestibulum erat wisi, condimentum sed, commodo vitae, ornare sit amet, wisi. Aenean fermentum, elit eget tincidunt condimentum, eros ipsum rutrum orci, sagittis tempus lacus enim ac dui. Donec non enim in turpis pulvinar facilisis. Ut felis. Praesent dapibus, neque id cursus faucibus, tortor neque egestas augue, eu vulputate magna eros eu erat. Aliquam erat volutpat. Nam dui mi, tincidunt quis, accumsan porttitor, facilisis luctus, metus</p>","http://static.freepik.com/foto-gratis/comida-sana--sandias--pina--frutas_3213757.jpg|http://www.onmytrainingshoes.com/wp-content/uploads/2014/02/1.jpg|http://image1.playgroundmag.net/web/imagine/EDET_670_AUTO/admin/files/la-comida-organica-es-verdaderamente-mas-sana-y-nutritiva-que-la-comida-convencional_281112_1354091718_74_.jpg|http://static.freepik.com/foto-gratis/comidas--bebidas-alimentos--comida-rapida--comida-sana_3295873.jpg|http://www.tecnicasderelajacion.org/wp-content/uploads/2010/06/dietasanapeq.jpg","https://www.youtube.com/watch?v=86Kyvi8slDo"," in sodales velit dapibus pulvinar. Praesent posuere sollicitudin molestie. Donec cursus enim et sapien fermentum tempus."
3443,"Salsify taro catsear garlic gram celery bitterleaf wattle seed collard greens nori.",1401808116,"<p>Pellentesque habitant morbi tristique senectus et netus et malesuada fames ac turpis egestas. Vestibulum tortor quam, feugiat vitae, ultricies eget, tempor sit amet, ante. Donec eu libero sit amet quam egestas semper. Aenean ultricies mi vitae est. Mauris placerat eleifend leo. Quisque sit amet est et sapien ullamcorper pharetra. Vestibulum erat wisi, condimentum sed, commodo vitae, ornare sit amet, wisi. Aenean fermentum, elit eget tincidunt condimentum, eros ipsum rutrum orci, sagittis tempus lacus enim ac dui. Donec non enim in turpis pulvinar facilisis. Ut felis. Praesent dapibus, neque id cursus faucibus, tortor neque egestas augue, eu vulputate magna eros eu erat. Aliquam erat volutpat. Nam dui mi, tincidunt quis, accumsan porttitor, facilisis luctus, metus</p>","http://static.freepik.com/foto-gratis/comida-sana--sandias--pina--frutas_3213757.jpg|http://www.onmytrainingshoes.com/wp-content/uploads/2014/02/1.jpg|http://image1.playgroundmag.net/web/imagine/EDET_670_AUTO/admin/files/la-comida-organica-es-verdaderamente-mas-sana-y-nutritiva-que-la-comida-convencional_281112_1354091718_74_.jpg|http://static.freepik.com/foto-gratis/comidas--bebidas-alimentos--comida-rapida--comida-sana_3295873.jpg|http://www.tecnicasderelajacion.org/wp-content/uploads/2010/06/dietasanapeq.jpg","https://www.youtube.com/watch?v=86Kyvi8slDo"," in sodales velit dapibus pulvinar. Praesent posuere sollicitudin molestie. Donec cursus enim et sapien fermentum tempus."
3444,"Veggies es bonus vobis",1401808116,"<p>Pellentesque habitant morbi tristique senectus et netus et malesuada fames ac turpis egestas. Vestibulum tortor quam, feugiat vitae, ultricies eget, tempor sit amet, ante. Donec eu libero sit amet quam egestas semper. Aenean ultricies mi vitae est. Mauris placerat eleifend leo. Quisque sit amet est et sapien ullamcorper pharetra. Vestibulum erat wisi, condimentum sed, commodo vitae, ornare sit amet, wisi. Aenean fermentum, elit eget tincidunt condimentum, eros ipsum rutrum orci, sagittis tempus lacus enim ac dui. Donec non enim in turpis pulvinar facilisis. Ut felis. Praesent dapibus, neque id cursus faucibus, tortor neque egestas augue, eu vulputate magna eros eu erat. Aliquam erat volutpat. Nam dui mi, tincidunt quis, accumsan porttitor, facilisis luctus, metus</p>","http://static.freepik.com/foto-gratis/comida-sana--sandias--pina--frutas_3213757.jpg|http://www.onmytrainingshoes.com/wp-content/uploads/2014/02/1.jpg|http://image1.playgroundmag.net/web/imagine/EDET_670_AUTO/admin/files/la-comida-organica-es-verdaderamente-mas-sana-y-nutritiva-que-la-comida-convencional_281112_1354091718_74_.jpg|http://static.freepik.com/foto-gratis/comidas--bebidas-alimentos--comida-rapida--comida-sana_3295873.jpg|http://www.tecnicasderelajacion.org/wp-content/uploads/2010/06/dietasanapeq.jpg","https://www.youtube.com/watch?v=86Kyvi8slDo"," in sodales velit dapibus pulvinar. Praesent posuere sollicitudin molestie. Donec cursus enim et sapien fermentum tempus."
3445,"Brussels sprout coriander water chestnut gourd swiss chard wakame kohlrabi beetroot carrot watercress",1401808116,"<p>Pellentesque habitant morbi tristique senectus et netus et malesuada fames ac turpis egestas. Vestibulum tortor quam, feugiat vitae, ultricies eget, tempor sit amet, ante. Donec eu libero sit amet quam egestas semper. Aenean ultricies mi vitae est. Mauris placerat eleifend leo. Quisque sit amet est et sapien ullamcorper pharetra. Vestibulum erat wisi, condimentum sed, commodo vitae, ornare sit amet, wisi. Aenean fermentum, elit eget tincidunt condimentum, eros ipsum rutrum orci, sagittis tempus lacus enim ac dui. Donec non enim in turpis pulvinar facilisis. Ut felis. Praesent dapibus, neque id cursus faucibus, tortor neque egestas augue, eu vulputate magna eros eu erat. Aliquam erat volutpat. Nam dui mi, tincidunt quis, accumsan porttitor, facilisis luctus, metus</p>","http://static.freepik.com/foto-gratis/comida-sana--sandias--pina--frutas_3213757.jpg|http://www.onmytrainingshoes.com/wp-content/uploads/2014/02/1.jpg|http://image1.playgroundmag.net/web/imagine/EDET_670_AUTO/admin/files/la-comida-organica-es-verdaderamente-mas-sana-y-nutritiva-que-la-comida-convencional_281112_1354091718_74_.jpg|http://static.freepik.com/foto-gratis/comidas--bebidas-alimentos--comida-rapida--comida-sana_3295873.jpg|http://www.tecnicasderelajacion.org/wp-content/uploads/2010/06/dietasanapeq.jpg","https://www.youtube.com/watch?v=86Kyvi8slDo"," in sodales velit dapibus pulvinar. Praesent posuere sollicitudin molestie. Donec cursus enim et sapien fermentum tempus."
3446,"w ricebean rutabaga endive cauliflower sea lettuce k",1401808116,"<p>Pellentesque habitant morbi tristique senectus et netus et malesuada fames ac turpis egestas. Vestibulum tortor quam, feugiat vitae, ultricies eget, tempor sit amet, ante. Donec eu libero sit amet quam egestas semper. Aenean ultricies mi vitae est. Mauris placerat eleifend leo. Quisque sit amet est et sapien ullamcorper pharetra. Vestibulum erat wisi, condimentum sed, commodo vitae, ornare sit amet, wisi. Aenean fermentum, elit eget tincidunt condimentum, eros ipsum rutrum orci, sagittis tempus lacus enim ac dui. Donec non enim in turpis pulvinar facilisis. Ut felis. Praesent dapibus, neque id cursus faucibus, tortor neque egestas augue, eu vulputate magna eros eu erat. Aliquam erat volutpat. Nam dui mi, tincidunt quis, accumsan porttitor, facilisis luctus, metus</p>","http://static.freepik.com/foto-gratis/comida-sana--sandias--pina--frutas_3213757.jpg|http://www.onmytrainingshoes.com/wp-content/uploads/2014/02/1.jpg|http://image1.playgroundmag.net/web/imagine/EDET_670_AUTO/admin/files/la-comida-organica-es-verdaderamente-mas-sana-y-nutritiva-que-la-comida-convencional_281112_1354091718_74_.jpg|http://static.freepik.com/foto-gratis/comidas--bebidas-alimentos--comida-rapida--comida-sana_3295873.jpg|http://www.tecnicasderelajacion.org/wp-content/uploads/2010/06/dietasanapeq.jpg","https://www.youtube.com/watch?v=86Kyvi8slDo"," in sodales velit dapibus pulvinar. Praesent posuere sollicitudin molestie. Donec cursus enim et sapien fermentum tempus."
3447,"Salsify taro catsear garlic gram celery bitterleaf wattle seed collard greens nori.",1401808116,"<p>Pellentesque habitant morbi tristique senectus et netus et malesuada fames ac turpis egestas. Vestibulum tortor quam, feugiat vitae, ultricies eget, tempor sit amet, ante. Donec eu libero sit amet quam egestas semper. Aenean ultricies mi vitae est. Mauris placerat eleifend leo. Quisque sit amet est et sapien ullamcorper pharetra. Vestibulum erat wisi, condimentum sed, commodo vitae, ornare sit amet, wisi. Aenean fermentum, elit eget tincidunt condimentum, eros ipsum rutrum orci, sagittis tempus lacus enim ac dui. Donec non enim in turpis pulvinar facilisis. Ut felis. Praesent dapibus, neque id cursus faucibus, tortor neque egestas augue, eu vulputate magna eros eu erat. Aliquam erat volutpat. Nam dui mi, tincidunt quis, accumsan porttitor, facilisis luctus, metus</p>","http://static.freepik.com/foto-gratis/comida-sana--sandias--pina--frutas_3213757.jpg|http://www.onmytrainingshoes.com/wp-content/uploads/2014/02/1.jpg|http://image1.playgroundmag.net/web/imagine/EDET_670_AUTO/admin/files/la-comida-organica-es-verdaderamente-mas-sana-y-nutritiva-que-la-comida-convencional_281112_1354091718_74_.jpg|http://static.freepik.com/foto-gratis/comidas--bebidas-alimentos--comida-rapida--comida-sana_3295873.jpg|http://www.tecnicasderelajacion.org/wp-content/uploads/2010/06/dietasanapeq.jpg","https://www.youtube.com/watch?v=86Kyvi8slDo"," in sodales velit dapibus pulvinar. Praesent posuere sollicitudin molestie. Donec cursus enim et sapien fermentum tempus."
3448,"Veggies es bonus vobis",1401808116,"<p>Pellentesque habitant morbi tristique senectus et netus et malesuada fames ac turpis egestas. Vestibulum tortor quam, feugiat vitae, ultricies eget, tempor sit amet, ante. Donec eu libero sit amet quam egestas semper. Aenean ultricies mi vitae est. Mauris placerat eleifend leo. Quisque sit amet est et sapien ullamcorper pharetra. Vestibulum erat wisi, condimentum sed, commodo vitae, ornare sit amet, wisi. Aenean fermentum, elit eget tincidunt condimentum, eros ipsum rutrum orci, sagittis tempus lacus enim ac dui. Donec non enim in turpis pulvinar facilisis. Ut felis. Praesent dapibus, neque id cursus faucibus, tortor neque egestas augue, eu vulputate magna eros eu erat. Aliquam erat volutpat. Nam dui mi, tincidunt quis, accumsan porttitor, facilisis luctus, metus</p>","http://static.freepik.com/foto-gratis/comida-sana--sandias--pina--frutas_3213757.jpg|http://www.onmytrainingshoes.com/wp-content/uploads/2014/02/1.jpg|http://image1.playgroundmag.net/web/imagine/EDET_670_AUTO/admin/files/la-comida-organica-es-verdaderamente-mas-sana-y-nutritiva-que-la-comida-convencional_281112_1354091718_74_.jpg|http://static.freepik.com/foto-gratis/comidas--bebidas-alimentos--comida-rapida--comida-sana_3295873.jpg|http://www.tecnicasderelajacion.org/wp-content/uploads/2010/06/dietasanapeq.jpg","https://www.youtube.com/watch?v=86Kyvi8slDo"," in sodales velit dapibus pulvinar. Praesent posuere sollicitudin molestie. Donec cursus enim et sapien fermentum tempus."
3449,"Brussels sprout coriander water chestnut gourd swiss chard wakame kohlrabi beetroot carrot watercress",1401808116,"<p>Pellentesque habitant morbi tristique senectus et netus et malesuada fames ac turpis egestas. Vestibulum tortor quam, feugiat vitae, ultricies eget, tempor sit amet, ante. Donec eu libero sit amet quam egestas semper. Aenean ultricies mi vitae est. Mauris placerat eleifend leo. Quisque sit amet est et sapien ullamcorper pharetra. Vestibulum erat wisi, condimentum sed, commodo vitae, ornare sit amet, wisi. Aenean fermentum, elit eget tincidunt condimentum, eros ipsum rutrum orci, sagittis tempus lacus enim ac dui. Donec non enim in turpis pulvinar facilisis. Ut felis. Praesent dapibus, neque id cursus faucibus, tortor neque egestas augue, eu vulputate magna eros eu erat. Aliquam erat volutpat. Nam dui mi, tincidunt quis, accumsan porttitor, facilisis luctus, metus</p>","http://static.freepik.com/foto-gratis/comida-sana--sandias--pina--frutas_3213757.jpg|http://www.onmytrainingshoes.com/wp-content/uploads/2014/02/1.jpg|http://image1.playgroundmag.net/web/imagine/EDET_670_AUTO/admin/files/la-comida-organica-es-verdaderamente-mas-sana-y-nutritiva-que-la-comida-convencional_281112_1354091718_74_.jpg|http://static.freepik.com/foto-gratis/comidas--bebidas-alimentos--comida-rapida--comida-sana_3295873.jpg|http://www.tecnicasderelajacion.org/wp-content/uploads/2010/06/dietasanapeq.jpg","https://www.youtube.com/watch?v=86Kyvi8slDo"," in sodales velit dapibus pulvinar. Praesent posuere sollicitudin molestie. Donec cursus enim et sapien fermentum tempus."
3450,"w ricebean rutabaga endive cauliflower sea lettuce k",1401808116,"<p>Pellentesque habitant morbi tristique senectus et netus et malesuada fames ac turpis egestas. Vestibulum tortor quam, feugiat vitae, ultricies eget, tempor sit amet, ante. Donec eu libero sit amet quam egestas semper. Aenean ultricies mi vitae est. Mauris placerat eleifend leo. Quisque sit amet est et sapien ullamcorper pharetra. Vestibulum erat wisi, condimentum sed, commodo vitae, ornare sit amet, wisi. Aenean fermentum, elit eget tincidunt condimentum, eros ipsum rutrum orci, sagittis tempus lacus enim ac dui. Donec non enim in turpis pulvinar facilisis. Ut felis. Praesent dapibus, neque id cursus faucibus, tortor neque egestas augue, eu vulputate magna eros eu erat. Aliquam erat volutpat. Nam dui mi, tincidunt quis, accumsan porttitor, facilisis luctus, metus</p>","http://static.freepik.com/foto-gratis/comida-sana--sandias--pina--frutas_3213757.jpg|http://www.onmytrainingshoes.com/wp-content/uploads/2014/02/1.jpg|http://image1.playgroundmag.net/web/imagine/EDET_670_AUTO/admin/files/la-comida-organica-es-verdaderamente-mas-sana-y-nutritiva-que-la-comida-convencional_281112_1354091718_74_.jpg|http://static.freepik.com/foto-gratis/comidas--bebidas-alimentos--comida-rapida--comida-sana_3295873.jpg|http://www.tecnicasderelajacion.org/wp-content/uploads/2010/06/dietasanapeq.jpg","https://www.youtube.com/watch?v=86Kyvi8slDo"," in sodales velit dapibus pulvinar. Praesent posuere sollicitudin molestie. Donec cursus enim et sapien fermentum tempus."
3451,"Salsify taro catsear garlic gram celery bitterleaf wattle seed collard greens nori.",1401808116,"<p>Pellentesque habitant morbi tristique senectus et netus et malesuada fames ac turpis egestas. Vestibulum tortor quam, feugiat vitae, ultricies eget, tempor sit amet, ante. Donec eu libero sit amet quam egestas semper. Aenean ultricies mi vitae est. Mauris placerat eleifend leo. Quisque sit amet est et sapien ullamcorper pharetra. Vestibulum erat wisi, condimentum sed, commodo vitae, ornare sit amet, wisi. Aenean fermentum, elit eget tincidunt condimentum, eros ipsum rutrum orci, sagittis tempus lacus enim ac dui. Donec non enim in turpis pulvinar facilisis. Ut felis. Praesent dapibus, neque id cursus faucibus, tortor neque egestas augue, eu vulputate magna eros eu erat. Aliquam erat volutpat. Nam dui mi, tincidunt quis, accumsan porttitor, facilisis luctus, metus</p>","http://static.freepik.com/foto-gratis/comida-sana--sandias--pina--frutas_3213757.jpg|http://www.onmytrainingshoes.com/wp-content/uploads/2014/02/1.jpg|http://image1.playgroundmag.net/web/imagine/EDET_670_AUTO/admin/files/la-comida-organica-es-verdaderamente-mas-sana-y-nutritiva-que-la-comida-convencional_281112_1354091718_74_.jpg|http://static.freepik.com/foto-gratis/comidas--bebidas-alimentos--comida-rapida--comida-sana_3295873.jpg|http://www.tecnicasderelajacion.org/wp-content/uploads/2010/06/dietasanapeq.jpg","https://www.youtube.com/watch?v=86Kyvi8slDo"," in sodales velit dapibus pulvinar. Praesent posuere sollicitudin molestie. Donec cursus enim et sapien fermentum tempus."
3452,"Veggies es bonus vobis",1401808116,"<p>Pellentesque habitant morbi tristique senectus et netus et malesuada fames ac turpis egestas. Vestibulum tortor quam, feugiat vitae, ultricies eget, tempor sit amet, ante. Donec eu libero sit amet quam egestas semper. Aenean ultricies mi vitae est. Mauris placerat eleifend leo. Quisque sit amet est et sapien ullamcorper pharetra. Vestibulum erat wisi, condimentum sed, commodo vitae, ornare sit amet, wisi. Aenean fermentum, elit eget tincidunt condimentum, eros ipsum rutrum orci, sagittis tempus lacus enim ac dui. Donec non enim in turpis pulvinar facilisis. Ut felis. Praesent dapibus, neque id cursus faucibus, tortor neque egestas augue, eu vulputate magna eros eu erat. Aliquam erat volutpat. Nam dui mi, tincidunt quis, accumsan porttitor, facilisis luctus, metus</p>","http://static.freepik.com/foto-gratis/comida-sana--sandias--pina--frutas_3213757.jpg|http://www.onmytrainingshoes.com/wp-content/uploads/2014/02/1.jpg|http://image1.playgroundmag.net/web/imagine/EDET_670_AUTO/admin/files/la-comida-organica-es-verdaderamente-mas-sana-y-nutritiva-que-la-comida-convencional_281112_1354091718_74_.jpg|http://static.freepik.com/foto-gratis/comidas--bebidas-alimentos--comida-rapida--comida-sana_3295873.jpg|http://www.tecnicasderelajacion.org/wp-content/uploads/2010/06/dietasanapeq.jpg","https://www.youtube.com/watch?v=86Kyvi8slDo"," in sodales velit dapibus pulvinar. Praesent posuere sollicitudin molestie. Donec cursus enim et sapien fermentum tempus."
3453,"Brussels sprout coriander water chestnut gourd swiss chard wakame kohlrabi beetroot carrot watercress",1401808116,"<p>Pellentesque habitant morbi tristique senectus et netus et malesuada fames ac turpis egestas. Vestibulum tortor quam, feugiat vitae, ultricies eget, tempor sit amet, ante. Donec eu libero sit amet quam egestas semper. Aenean ultricies mi vitae est. Mauris placerat eleifend leo. Quisque sit amet est et sapien ullamcorper pharetra. Vestibulum erat wisi, condimentum sed, commodo vitae, ornare sit amet, wisi. Aenean fermentum, elit eget tincidunt condimentum, eros ipsum rutrum orci, sagittis tempus lacus enim ac dui. Donec non enim in turpis pulvinar facilisis. Ut felis. Praesent dapibus, neque id cursus faucibus, tortor neque egestas augue, eu vulputate magna eros eu erat. Aliquam erat volutpat. Nam dui mi, tincidunt quis, accumsan porttitor, facilisis luctus, metus</p>","http://static.freepik.com/foto-gratis/comida-sana--sandias--pina--frutas_3213757.jpg|http://www.onmytrainingshoes.com/wp-content/uploads/2014/02/1.jpg|http://image1.playgroundmag.net/web/imagine/EDET_670_AUTO/admin/files/la-comida-organica-es-verdaderamente-mas-sana-y-nutritiva-que-la-comida-convencional_281112_1354091718_74_.jpg|http://static.freepik.com/foto-gratis/comidas--bebidas-alimentos--comida-rapida--comida-sana_3295873.jpg|http://www.tecnicasderelajacion.org/wp-content/uploads/2010/06/dietasanapeq.jpg","https://www.youtube.com/watch?v=86Kyvi8slDo"," in sodales velit dapibus pulvinar. Praesent posuere sollicitudin molestie. Donec cursus enim et sapien fermentum tempus."
3454,"w ricebean rutabaga endive cauliflower sea lettuce k",1401808116,"<p>Pellentesque habitant morbi tristique senectus et netus et malesuada fames ac turpis egestas. Vestibulum tortor quam, feugiat vitae, ultricies eget, tempor sit amet, ante. Donec eu libero sit amet quam egestas semper. Aenean ultricies mi vitae est. Mauris placerat eleifend leo. Quisque sit amet est et sapien ullamcorper pharetra. Vestibulum erat wisi, condimentum sed, commodo vitae, ornare sit amet, wisi. Aenean fermentum, elit eget tincidunt condimentum, eros ipsum rutrum orci, sagittis tempus lacus enim ac dui. Donec non enim in turpis pulvinar facilisis. Ut felis. Praesent dapibus, neque id cursus faucibus, tortor neque egestas augue, eu vulputate magna eros eu erat. Aliquam erat volutpat. Nam dui mi, tincidunt quis, accumsan porttitor, facilisis luctus, metus</p>","http://static.freepik.com/foto-gratis/comida-sana--sandias--pina--frutas_3213757.jpg|http://www.onmytrainingshoes.com/wp-content/uploads/2014/02/1.jpg|http://image1.playgroundmag.net/web/imagine/EDET_670_AUTO/admin/files/la-comida-organica-es-verdaderamente-mas-sana-y-nutritiva-que-la-comida-convencional_281112_1354091718_74_.jpg|http://static.freepik.com/foto-gratis/comidas--bebidas-alimentos--comida-rapida--comida-sana_3295873.jpg|http://www.tecnicasderelajacion.org/wp-content/uploads/2010/06/dietasanapeq.jpg","https://www.youtube.com/watch?v=86Kyvi8slDo"," in sodales velit dapibus pulvinar. Praesent posuere sollicitudin molestie. Donec cursus enim et sapien fermentum tempus."
3455,"Salsify taro catsear garlic gram celery bitterleaf wattle seed collard greens nori.",1401808116,"<p>Pellentesque habitant morbi tristique senectus et netus et malesuada fames ac turpis egestas. Vestibulum tortor quam, feugiat vitae, ultricies eget, tempor sit amet, ante. Donec eu libero sit amet quam egestas semper. Aenean ultricies mi vitae est. Mauris placerat eleifend leo. Quisque sit amet est et sapien ullamcorper pharetra. Vestibulum erat wisi, condimentum sed, commodo vitae, ornare sit amet, wisi. Aenean fermentum, elit eget tincidunt condimentum, eros ipsum rutrum orci, sagittis tempus lacus enim ac dui. Donec non enim in turpis pulvinar facilisis. Ut felis. Praesent dapibus, neque id cursus faucibus, tortor neque egestas augue, eu vulputate magna eros eu erat. Aliquam erat volutpat. Nam dui mi, tincidunt quis, accumsan porttitor, facilisis luctus, metus</p>","http://static.freepik.com/foto-gratis/comida-sana--sandias--pina--frutas_3213757.jpg|http://www.onmytrainingshoes.com/wp-content/uploads/2014/02/1.jpg|http://image1.playgroundmag.net/web/imagine/EDET_670_AUTO/admin/files/la-comida-organica-es-verdaderamente-mas-sana-y-nutritiva-que-la-comida-convencional_281112_1354091718_74_.jpg|http://static.freepik.com/foto-gratis/comidas--bebidas-alimentos--comida-rapida--comida-sana_3295873.jpg|http://www.tecnicasderelajacion.org/wp-content/uploads/2010/06/dietasanapeq.jpg","https://www.youtube.com/watch?v=86Kyvi8slDo"," in sodales velit dapibus pulvinar. Praesent posuere sollicitudin molestie. Donec cursus enim et sapien fermentum tempus."
3456,"Veggies es bonus vobis",1401808116,"<p>Pellentesque habitant morbi tristique senectus et netus et malesuada fames ac turpis egestas. Vestibulum tortor quam, feugiat vitae, ultricies eget, tempor sit amet, ante. Donec eu libero sit amet quam egestas semper. Aenean ultricies mi vitae est. Mauris placerat eleifend leo. Quisque sit amet est et sapien ullamcorper pharetra. Vestibulum erat wisi, condimentum sed, commodo vitae, ornare sit amet, wisi. Aenean fermentum, elit eget tincidunt condimentum, eros ipsum rutrum orci, sagittis tempus lacus enim ac dui. Donec non enim in turpis pulvinar facilisis. Ut felis. Praesent dapibus, neque id cursus faucibus, tortor neque egestas augue, eu vulputate magna eros eu erat. Aliquam erat volutpat. Nam dui mi, tincidunt quis, accumsan porttitor, facilisis luctus, metus</p>","http://static.freepik.com/foto-gratis/comida-sana--sandias--pina--frutas_3213757.jpg|http://www.onmytrainingshoes.com/wp-content/uploads/2014/02/1.jpg|http://image1.playgroundmag.net/web/imagine/EDET_670_AUTO/admin/files/la-comida-organica-es-verdaderamente-mas-sana-y-nutritiva-que-la-comida-convencional_281112_1354091718_74_.jpg|http://static.freepik.com/foto-gratis/comidas--bebidas-alimentos--comida-rapida--comida-sana_3295873.jpg|http://www.tecnicasderelajacion.org/wp-content/uploads/2010/06/dietasanapeq.jpg","https://www.youtube.com/watch?v=86Kyvi8slDo"," in sodales velit dapibus pulvinar. Praesent posuere sollicitudin molestie. Donec cursus enim et sapien fermentum tempus."
3457,"Brussels sprout coriander water chestnut gourd swiss chard wakame kohlrabi beetroot carrot watercress",1401808116,"<p>Pellentesque habitant morbi tristique senectus et netus et malesuada fames ac turpis egestas. Vestibulum tortor quam, feugiat vitae, ultricies eget, tempor sit amet, ante. Donec eu libero sit amet quam egestas semper. Aenean ultricies mi vitae est. Mauris placerat eleifend leo. Quisque sit amet est et sapien ullamcorper pharetra. Vestibulum erat wisi, condimentum sed, commodo vitae, ornare sit amet, wisi. Aenean fermentum, elit eget tincidunt condimentum, eros ipsum rutrum orci, sagittis tempus lacus enim ac dui. Donec non enim in turpis pulvinar facilisis. Ut felis. Praesent dapibus, neque id cursus faucibus, tortor neque egestas augue, eu vulputate magna eros eu erat. Aliquam erat volutpat. Nam dui mi, tincidunt quis, accumsan porttitor, facilisis luctus, metus</p>","http://static.freepik.com/foto-gratis/comida-sana--sandias--pina--frutas_3213757.jpg|http://www.onmytrainingshoes.com/wp-content/uploads/2014/02/1.jpg|http://image1.playgroundmag.net/web/imagine/EDET_670_AUTO/admin/files/la-comida-organica-es-verdaderamente-mas-sana-y-nutritiva-que-la-comida-convencional_281112_1354091718_74_.jpg|http://static.freepik.com/foto-gratis/comidas--bebidas-alimentos--comida-rapida--comida-sana_3295873.jpg|http://www.tecnicasderelajacion.org/wp-content/uploads/2010/06/dietasanapeq.jpg","https://www.youtube.com/watch?v=86Kyvi8slDo"," in sodales velit dapibus pulvinar. Praesent posuere sollicitudin molestie. Donec cursus enim et sapien fermentum tempus."
3458,"w ricebean rutabaga endive cauliflower sea lettuce k",1401808116,"<p>Pellentesque habitant morbi tristique senectus et netus et malesuada fames ac turpis egestas. Vestibulum tortor quam, feugiat vitae, ultricies eget, tempor sit amet, ante. Donec eu libero sit amet quam egestas semper. Aenean ultricies mi vitae est. Mauris placerat eleifend leo. Quisque sit amet est et sapien ullamcorper pharetra. Vestibulum erat wisi, condimentum sed, commodo vitae, ornare sit amet, wisi. Aenean fermentum, elit eget tincidunt condimentum, eros ipsum rutrum orci, sagittis tempus lacus enim ac dui. Donec non enim in turpis pulvinar facilisis. Ut felis. Praesent dapibus, neque id cursus faucibus, tortor neque egestas augue, eu vulputate magna eros eu erat. Aliquam erat volutpat. Nam dui mi, tincidunt quis, accumsan porttitor, facilisis luctus, metus</p>","http://static.freepik.com/foto-gratis/comida-sana--sandias--pina--frutas_3213757.jpg|http://www.onmytrainingshoes.com/wp-content/uploads/2014/02/1.jpg|http://image1.playgroundmag.net/web/imagine/EDET_670_AUTO/admin/files/la-comida-organica-es-verdaderamente-mas-sana-y-nutritiva-que-la-comida-convencional_281112_1354091718_74_.jpg|http://static.freepik.com/foto-gratis/comidas--bebidas-alimentos--comida-rapida--comida-sana_3295873.jpg|http://www.tecnicasderelajacion.org/wp-content/uploads/2010/06/dietasanapeq.jpg","https://www.youtube.com/watch?v=86Kyvi8slDo"," in sodales velit dapibus pulvinar. Praesent posuere sollicitudin molestie. Donec cursus enim et sapien fermentum tempus."
3459,"Salsify taro catsear garlic gram celery bitterleaf wattle seed collard greens nori.",1401808116,"<p>Pellentesque habitant morbi tristique senectus et netus et malesuada fames ac turpis egestas. Vestibulum tortor quam, feugiat vitae, ultricies eget, tempor sit amet, ante. Donec eu libero sit amet quam egestas semper. Aenean ultricies mi vitae est. Mauris placerat eleifend leo. Quisque sit amet est et sapien ullamcorper pharetra. Vestibulum erat wisi, condimentum sed, commodo vitae, ornare sit amet, wisi. Aenean fermentum, elit eget tincidunt condimentum, eros ipsum rutrum orci, sagittis tempus lacus enim ac dui. Donec non enim in turpis pulvinar facilisis. Ut felis. Praesent dapibus, neque id cursus faucibus, tortor neque egestas augue, eu vulputate magna eros eu erat. Aliquam erat volutpat. Nam dui mi, tincidunt quis, accumsan porttitor, facilisis luctus, metus</p>","http://static.freepik.com/foto-gratis/comida-sana--sandias--pina--frutas_3213757.jpg|http://www.onmytrainingshoes.com/wp-content/uploads/2014/02/1.jpg|http://image1.playgroundmag.net/web/imagine/EDET_670_AUTO/admin/files/la-comida-organica-es-verdaderamente-mas-sana-y-nutritiva-que-la-comida-convencional_281112_1354091718_74_.jpg|http://static.freepik.com/foto-gratis/comidas--bebidas-alimentos--comida-rapida--comida-sana_3295873.jpg|http://www.tecnicasderelajacion.org/wp-content/uploads/2010/06/dietasanapeq.jpg","https://www.youtube.com/watch?v=86Kyvi8slDo"," in sodales velit dapibus pulvinar. Praesent posuere sollicitudin molestie. Donec cursus enim et sapien fermentum tempus."
3460,"Veggies es bonus vobis",1401808116,"<p>Pellentesque habitant morbi tristique senectus et netus et malesuada fames ac turpis egestas. Vestibulum tortor quam, feugiat vitae, ultricies eget, tempor sit amet, ante. Donec eu libero sit amet quam egestas semper. Aenean ultricies mi vitae est. Mauris placerat eleifend leo. Quisque sit amet est et sapien ullamcorper pharetra. Vestibulum erat wisi, condimentum sed, commodo vitae, ornare sit amet, wisi. Aenean fermentum, elit eget tincidunt condimentum, eros ipsum rutrum orci, sagittis tempus lacus enim ac dui. Donec non enim in turpis pulvinar facilisis. Ut felis. Praesent dapibus, neque id cursus faucibus, tortor neque egestas augue, eu vulputate magna eros eu erat. Aliquam erat volutpat. Nam dui mi, tincidunt quis, accumsan porttitor, facilisis luctus, metus</p>","http://static.freepik.com/foto-gratis/comida-sana--sandias--pina--frutas_3213757.jpg|http://www.onmytrainingshoes.com/wp-content/uploads/2014/02/1.jpg|http://image1.playgroundmag.net/web/imagine/EDET_670_AUTO/admin/files/la-comida-organica-es-verdaderamente-mas-sana-y-nutritiva-que-la-comida-convencional_281112_1354091718_74_.jpg|http://static.freepik.com/foto-gratis/comidas--bebidas-alimentos--comida-rapida--comida-sana_3295873.jpg|http://www.tecnicasderelajacion.org/wp-content/uploads/2010/06/dietasanapeq.jpg","https://www.youtube.com/watch?v=86Kyvi8slDo"," in sodales velit dapibus pulvinar. Praesent posuere sollicitudin molestie. Donec cursus enim et sapien fermentum tempus."
3461,"Brussels sprout coriander water chestnut gourd swiss chard wakame kohlrabi beetroot carrot watercress",1401808116,"<p>Pellentesque habitant morbi tristique senectus et netus et malesuada fames ac turpis egestas. Vestibulum tortor quam, feugiat vitae, ultricies eget, tempor sit amet, ante. Donec eu libero sit amet quam egestas semper. Aenean ultricies mi vitae est. Mauris placerat eleifend leo. Quisque sit amet est et sapien ullamcorper pharetra. Vestibulum erat wisi, condimentum sed, commodo vitae, ornare sit amet, wisi. Aenean fermentum, elit eget tincidunt condimentum, eros ipsum rutrum orci, sagittis tempus lacus enim ac dui. Donec non enim in turpis pulvinar facilisis. Ut felis. Praesent dapibus, neque id cursus faucibus, tortor neque egestas augue, eu vulputate magna eros eu erat. Aliquam erat volutpat. Nam dui mi, tincidunt quis, accumsan porttitor, facilisis luctus, metus</p>","http://static.freepik.com/foto-gratis/comida-sana--sandias--pina--frutas_3213757.jpg|http://www.onmytrainingshoes.com/wp-content/uploads/2014/02/1.jpg|http://image1.playgroundmag.net/web/imagine/EDET_670_AUTO/admin/files/la-comida-organica-es-verdaderamente-mas-sana-y-nutritiva-que-la-comida-convencional_281112_1354091718_74_.jpg|http://static.freepik.com/foto-gratis/comidas--bebidas-alimentos--comida-rapida--comida-sana_3295873.jpg|http://www.tecnicasderelajacion.org/wp-content/uploads/2010/06/dietasanapeq.jpg","https://www.youtube.com/watch?v=86Kyvi8slDo"," in sodales velit dapibus pulvinar. Praesent posuere sollicitudin molestie. Donec cursus enim et sapien fermentum tempus."
3462,"w ricebean rutabaga endive cauliflower sea lettuce k",1401808116,"<p>Pellentesque habitant morbi tristique senectus et netus et malesuada fames ac turpis egestas. Vestibulum tortor quam, feugiat vitae, ultricies eget, tempor sit amet, ante. Donec eu libero sit amet quam egestas semper. Aenean ultricies mi vitae est. Mauris placerat eleifend leo. Quisque sit amet est et sapien ullamcorper pharetra. Vestibulum erat wisi, condimentum sed, commodo vitae, ornare sit amet, wisi. Aenean fermentum, elit eget tincidunt condimentum, eros ipsum rutrum orci, sagittis tempus lacus enim ac dui. Donec non enim in turpis pulvinar facilisis. Ut felis. Praesent dapibus, neque id cursus faucibus, tortor neque egestas augue, eu vulputate magna eros eu erat. Aliquam erat volutpat. Nam dui mi, tincidunt quis, accumsan porttitor, facilisis luctus, metus</p>","http://static.freepik.com/foto-gratis/comida-sana--sandias--pina--frutas_3213757.jpg|http://www.onmytrainingshoes.com/wp-content/uploads/2014/02/1.jpg|http://image1.playgroundmag.net/web/imagine/EDET_670_AUTO/admin/files/la-comida-organica-es-verdaderamente-mas-sana-y-nutritiva-que-la-comida-convencional_281112_1354091718_74_.jpg|http://static.freepik.com/foto-gratis/comidas--bebidas-alimentos--comida-rapida--comida-sana_3295873.jpg|http://www.tecnicasderelajacion.org/wp-content/uploads/2010/06/dietasanapeq.jpg","https://www.youtube.com/watch?v=86Kyvi8slDo"," in sodales velit dapibus pulvinar. Praesent posuere sollicitudin molestie. Donec cursus enim et sapien fermentum tempus."
3463,"Salsify taro catsear garlic gram celery bitterleaf wattle seed collard greens nori.",1401808116,"<p>Pellentesque habitant morbi tristique senectus et netus et malesuada fames ac turpis egestas. Vestibulum tortor quam, feugiat vitae, ultricies eget, tempor sit amet, ante. Donec eu libero sit amet quam egestas semper. Aenean ultricies mi vitae est. Mauris placerat eleifend leo. Quisque sit amet est et sapien ullamcorper pharetra. Vestibulum erat wisi, condimentum sed, commodo vitae, ornare sit amet, wisi. Aenean fermentum, elit eget tincidunt condimentum, eros ipsum rutrum orci, sagittis tempus lacus enim ac dui. Donec non enim in turpis pulvinar facilisis. Ut felis. Praesent dapibus, neque id cursus faucibus, tortor neque egestas augue, eu vulputate magna eros eu erat. Aliquam erat volutpat. Nam dui mi, tincidunt quis, accumsan porttitor, facilisis luctus, metus</p>","http://static.freepik.com/foto-gratis/comida-sana--sandias--pina--frutas_3213757.jpg|http://www.onmytrainingshoes.com/wp-content/uploads/2014/02/1.jpg|http://image1.playgroundmag.net/web/imagine/EDET_670_AUTO/admin/files/la-comida-organica-es-verdaderamente-mas-sana-y-nutritiva-que-la-comida-convencional_281112_1354091718_74_.jpg|http://static.freepik.com/foto-gratis/comidas--bebidas-alimentos--comida-rapida--comida-sana_3295873.jpg|http://www.tecnicasderelajacion.org/wp-content/uploads/2010/06/dietasanapeq.jpg","https://www.youtube.com/watch?v=86Kyvi8slDo"," in sodales velit dapibus pulvinar. Praesent posuere sollicitudin molestie. Donec cursus enim et sapien fermentum tempus."
3464,"Brussels sprout coriander water chestnut gourd swiss chard wakame kohlrabi beetroot carrot watercress",1401808116,"<p>Pellentesque habitant morbi tristique senectus et netus et malesuada fames ac turpis egestas. Vestibulum tortor quam, feugiat vitae, ultricies eget, tempor sit amet, ante. Donec eu libero sit amet quam egestas semper. Aenean ultricies mi vitae est. Mauris placerat eleifend leo. Quisque sit amet est et sapien ullamcorper pharetra. Vestibulum erat wisi, condimentum sed, commodo vitae, ornare sit amet, wisi. Aenean fermentum, elit eget tincidunt condimentum, eros ipsum rutrum orci, sagittis tempus lacus enim ac dui. Donec non enim in turpis pulvinar facilisis. Ut felis. Praesent dapibus, neque id cursus faucibus, tortor neque egestas augue, eu vulputate magna eros eu erat. Aliquam erat volutpat. Nam dui mi, tincidunt quis, accumsan porttitor, facilisis luctus, metus</p>","http://static.freepik.com/foto-gratis/comida-sana--sandias--pina--frutas_3213757.jpg|http://www.onmytrainingshoes.com/wp-content/uploads/2014/02/1.jpg|http://image1.playgroundmag.net/web/imagine/EDET_670_AUTO/admin/files/la-comida-organica-es-verdaderamente-mas-sana-y-nutritiva-que-la-comida-convencional_281112_1354091718_74_.jpg|http://static.freepik.com/foto-gratis/comidas--bebidas-alimentos--comida-rapida--comida-sana_3295873.jpg|http://www.tecnicasderelajacion.org/wp-content/uploads/2010/06/dietasanapeq.jpg","https://www.youtube.com/watch?v=86Kyvi8slDo"," in sodales velit dapibus pulvinar. Praesent posuere sollicitudin molestie. Donec cursus enim et sapien fermentum tempus."
3465,"w ricebean rutabaga endive cauliflower sea lettuce k",1401808116,"<p>Pellentesque habitant morbi tristique senectus et netus et malesuada fames ac turpis egestas. Vestibulum tortor quam, feugiat vitae, ultricies eget, tempor sit amet, ante. Donec eu libero sit amet quam egestas semper. Aenean ultricies mi vitae est. Mauris placerat eleifend leo. Quisque sit amet est et sapien ullamcorper pharetra. Vestibulum erat wisi, condimentum sed, commodo vitae, ornare sit amet, wisi. Aenean fermentum, elit eget tincidunt condimentum, eros ipsum rutrum orci, sagittis tempus lacus enim ac dui. Donec non enim in turpis pulvinar facilisis. Ut felis. Praesent dapibus, neque id cursus faucibus, tortor neque egestas augue, eu vulputate magna eros eu erat. Aliquam erat volutpat. Nam dui mi, tincidunt quis, accumsan porttitor, facilisis luctus, metus</p>","http://static.freepik.com/foto-gratis/comida-sana--sandias--pina--frutas_3213757.jpg|http://www.onmytrainingshoes.com/wp-content/uploads/2014/02/1.jpg|http://image1.playgroundmag.net/web/imagine/EDET_670_AUTO/admin/files/la-comida-organica-es-verdaderamente-mas-sana-y-nutritiva-que-la-comida-convencional_281112_1354091718_74_.jpg|http://static.freepik.com/foto-gratis/comidas--bebidas-alimentos--comida-rapida--comida-sana_3295873.jpg|http://www.tecnicasderelajacion.org/wp-content/uploads/2010/06/dietasanapeq.jpg","https://www.youtube.com/watch?v=86Kyvi8slDo"," in sodales velit dapibus pulvinar. Praesent posuere sollicitudin molestie. Donec cursus enim et sapien fermentum tempus."
3466,"Salsify taro catsear garlic gram celery bitterleaf wattle seed collard greens nori.",1401808116,"<p>Pellentesque habitant morbi tristique senectus et netus et malesuada fames ac turpis egestas. Vestibulum tortor quam, feugiat vitae, ultricies eget, tempor sit amet, ante. Donec eu libero sit amet quam egestas semper. Aenean ultricies mi vitae est. Mauris placerat eleifend leo. Quisque sit amet est et sapien ullamcorper pharetra. Vestibulum erat wisi, condimentum sed, commodo vitae, ornare sit amet, wisi. Aenean fermentum, elit eget tincidunt condimentum, eros ipsum rutrum orci, sagittis tempus lacus enim ac dui. Donec non enim in turpis pulvinar facilisis. Ut felis. Praesent dapibus, neque id cursus faucibus, tortor neque egestas augue, eu vulputate magna eros eu erat. Aliquam erat volutpat. Nam dui mi, tincidunt quis, accumsan porttitor, facilisis luctus, metus</p>","http://static.freepik.com/foto-gratis/comida-sana--sandias--pina--frutas_3213757.jpg|http://www.onmytrainingshoes.com/wp-content/uploads/2014/02/1.jpg|http://image1.playgroundmag.net/web/imagine/EDET_670_AUTO/admin/files/la-comida-organica-es-verdaderamente-mas-sana-y-nutritiva-que-la-comida-convencional_281112_1354091718_74_.jpg|http://static.freepik.com/foto-gratis/comidas--bebidas-alimentos--comida-rapida--comida-sana_3295873.jpg|http://www.tecnicasderelajacion.org/wp-content/uploads/2010/06/dietasanapeq.jpg","https://www.youtube.com/watch?v=86Kyvi8slDo"," in sodales velit dapibus pulvinar. Praesent posuere sollicitudin molestie. Donec cursus enim et sapien fermentum tempus."
3467,"Veggies es bonus vobis",1401808116,"<p>Pellentesque habitant morbi tristique senectus et netus et malesuada fames ac turpis egestas. Vestibulum tortor quam, feugiat vitae, ultricies eget, tempor sit amet, ante. Donec eu libero sit amet quam egestas semper. Aenean ultricies mi vitae est. Mauris placerat eleifend leo. Quisque sit amet est et sapien ullamcorper pharetra. Vestibulum erat wisi, condimentum sed, commodo vitae, ornare sit amet, wisi. Aenean fermentum, elit eget tincidunt condimentum, eros ipsum rutrum orci, sagittis tempus lacus enim ac dui. Donec non enim in turpis pulvinar facilisis. Ut felis. Praesent dapibus, neque id cursus faucibus, tortor neque egestas augue, eu vulputate magna eros eu erat. Aliquam erat volutpat. Nam dui mi, tincidunt quis, accumsan porttitor, facilisis luctus, metus</p>","http://static.freepik.com/foto-gratis/comida-sana--sandias--pina--frutas_3213757.jpg|http://www.onmytrainingshoes.com/wp-content/uploads/2014/02/1.jpg|http://image1.playgroundmag.net/web/imagine/EDET_670_AUTO/admin/files/la-comida-organica-es-verdaderamente-mas-sana-y-nutritiva-que-la-comida-convencional_281112_1354091718_74_.jpg|http://static.freepik.com/foto-gratis/comidas--bebidas-alimentos--comida-rapida--comida-sana_3295873.jpg|http://www.tecnicasderelajacion.org/wp-content/uploads/2010/06/dietasanapeq.jpg","https://www.youtube.com/watch?v=86Kyvi8slDo"," in sodales velit dapibus pulvinar. Praesent posuere sollicitudin molestie. Donec cursus enim et sapien fermentum tempus."
