Nid,Title,field_oami_blog_description,field_oami_blog_tags,field_oami_subtitle
344,Poperty Intellectua lorem ipsum lorem ipsum lorem ipsum lorem ipsum lorem ipsum lorem ipsum lorem ipsum lorem ipsum,"Lorem ipsum dolor sit amet, consectetur adipiscing elit. Vivamus vulputate sapien magna, in sodales velit dapibus pulvinar. Praesent posuere sollicitudin molestie. Donec cursus enim et sapien fermentum tempus.",oami_intellectual_1|oami_intellectual_2|oami_intellectual_3|oami_intellectual_4,"Nunc a diam sollicitudin, laoreet tellus at, porttitor dui. Suspendisse viverra, nulla quis gravida fermentum"
345,Poperty Intellectual lorem ipsum lorem ipsum lorem ipsum lorem ipsum,"Lorem ipsum dolor sit amet, consectetur adipiscing elit. Vivamus vulputate sapien magna, in sodales velit dapibus pulvinar. Praesent posuere sollicitudin molestie. Donec cursus enim et sapien fermentum tempus.",oami_intellectual_1|oami_intellectual_2|oami_intellectual_3|oami_intellectual_4,"Nunc a diam sollicitudin, laoreet tellus at, porttitor dui. Suspendisse viverra, nulla quis gravida fermentum"
346,Poperty Intellectual lorem ipsum lorem ipsum,"Lorem ipsum dolor sit amet, consectetur adipiscing elit. Vivamus vulputate sapien magna, in sodales velit dapibus pulvinar. Praesent posuere sollicitudin molestie. Donec cursus enim et sapien fermentum tempus.",oami_intellectual_1|oami_intellectual_2|oami_intellectual_3|oami_intellectual_4,"Nunc a diam sollicitudin, laoreet tellus at, porttitor dui. Suspendisse viverra, nulla quis gravida fermentum"
347,Poperty Intellectual lorem ipsum lorem ipsum lorem ipsum lorem ipsum Poperty Intellectual lorem ipsum lorem ipsum lorem ipsum lorem ipsum,"Lorem ipsum dolor sit amet, consectetur adipiscing elit. Vivamus vulputate sapien magna, in sodales velit dapibus pulvinar. Praesent posuere sollicitudin molestie. Donec cursus enim et sapien fermentum tempus.",oami_intellectual_1|oami_intellectual_2|oami_intellectual_3|oami_intellectual_4,"Nunc a diam sollicitudin, laoreet tellus at, porttitor dui. Suspendisse viverra, nulla quis gravida fermentum, augue enim viverra neque, sed aliquam justo tellus a eros. "
348,Poperty Intellectual lorem ipsum lorem ipsum lorem ipsum lorem ipsum,"Lorem ipsum dolor sit amet, consectetur adipiscing elit. Vivamus vulputate sapien magna, in sodales velit dapibus pulvinar. Praesent posuere sollicitudin molestie. Donec cursus enim et sapien fermentum tempus.",oami_intellectual_1|oami_intellectual_2|oami_intellectual_3|oami_intellectual_4,"Nunc a diam sollicitudin, laoreet tellus at, porttitor dui. Suspendisse viverra, nulla quis gravida fermentum"
349,Poperty Intellectual lorem ipsum lorem ipsum,"Lorem ipsum dolor sit amet, consectetur adipiscing elit. Vivamus vulputate sapien magna, in sodales velit dapibus pulvinar. Praesent posuere sollicitudin molestie. Donec cursus enim et sapien fermentum tempus.",oami_intellectual_1|oami_intellectual_2|oami_intellectual_3|oami_intellectual_4,"Nunc a diam sollicitudin, laoreet tellus at, porttitor dui. Suspendisse viverra, nulla quis gravida fermentum"
350,Poperty Intellectual lorem ipsum lorem ipsum lorem ipsum lorem ipsum Poperty Intellectual lorem ipsum lorem ipsum lorem ipsum lorem ipsum,"Lorem ipsum dolor sit amet, consectetur adipiscing elit. Vivamus vulputate sapien magna, in sodales velit dapibus pulvinar. Praesent posuere sollicitudin molestie. Donec cursus enim et sapien fermentum tempus.",oami_intellectual_1|oami_intellectual_2|oami_intellectual_3|oami_intellectual_4,"Nunc a diam sollicitudin, laoreet tellus at, porttitor dui. Suspendisse viverra, nulla quis gravida fermentum"
351,Poperty Intellectual lorem ipsum lorem ipsum lorem ipsum lorem ipsum,"Lorem ipsum dolor sit amet, consectetur adipiscing elit. Vivamus vulputate sapien magna, in sodales velit dapibus pulvinar. Praesent posuere sollicitudin molestie. Donec cursus enim et sapien fermentum tempus.",oami_intellectual_1|oami_intellectual_2|oami_intellectual_3|oami_intellectual_4,"Nunc a diam sollicitudin, laoreet tellus at, porttitor dui. Suspendisse viverra, nulla quis gravida fermentum, augue enim viverra neque, sed aliquam justo tellus a eros. "
352,Poperty Intellectual lorem ipsum lorem ipsum,"Lorem ipsum dolor sit amet, consectetur adipiscing elit. Vivamus vulputate sapien magna, in sodales velit dapibus pulvinar. Praesent posuere sollicitudin molestie. Donec cursus enim et sapien fermentum tempus.",oami_intellectual_1|oami_intellectual_2|oami_intellectual_3|oami_intellectual_4,"Nunc a diam sollicitudin, laoreet tellus at, porttitor dui. Suspendisse viverra, nulla quis gravida fermentum"
353,Poperty Intellectual lorem ipsum lorem ipsum lorem ipsum lorem ipsum Poperty Intellectual lorem ipsum lorem ipsum lorem ipsum lorem ipsum,"Lorem ipsum dolor sit amet, consectetur adipiscing elit. Vivamus vulputate sapien magna, in sodales velit dapibus pulvinar. Praesent posuere sollicitudin molestie. Donec cursus enim et sapien fermentum tempus.",oami_intellectual_1|oami_intellectual_2|oami_intellectual_3|oami_intellectual_4,"Nunc a diam sollicitudin, laoreet tellus at, porttitor dui. Suspendisse viverra, nulla quis gravida fermentum, augue enim viverra neque, sed aliquam justo tellus a eros. "
