Nid,Title,field_oami_blog_description,field_oami_blog_tags
344,Blog - lorem ipsum lorem ipsum lorem ipsum lorem ipsum Activity 2 - lorem ipsum lorem ipsum lorem ipsum lorem ipsum,"Lorem ipsum dolor sit amet, consectetur adipiscing elit. Vivamus vulputate sapien magna, in sodales velit dapibus pulvinar. Praesent posuere sollicitudin molestie. Donec cursus enim et sapien fermentum tempus.",oami_intellectual_1|oami_intellectual_2|oami_intellectual_3|oami_intellectual_4
345,Blog - lorem ipsum lorem ipsum lorem ipsum lorem ipsum,"Lorem ipsum dolor sit amet, consectetur adipiscing elit. Vivamus vulputate sapien magna, in sodales velit dapibus pulvinar. Praesent posuere sollicitudin molestie. Donec cursus enim et sapien fermentum tempus.",oami_intellectual_1|oami_intellectual_2|oami_intellectual_3|oami_intellectual_4
346,Blog - lorem ipsum lorem ipsum,"Lorem ipsum dolor sit amet, consectetur adipiscing elit. Vivamus vulputate sapien magna, in sodales velit dapibus pulvinar. Praesent posuere sollicitudin molestie. Donec cursus enim et sapien fermentum tempus.",oami_intellectual_1|oami_intellectual_2|oami_intellectual_3|oami_intellectual_4
347,Blog - lorem ipsum lorem ipsum lorem ipsum lorem ipsum Blog - lorem ipsum lorem ipsum lorem ipsum lorem ipsum,"Lorem ipsum dolor sit amet, consectetur adipiscing elit. Vivamus vulputate sapien magna, in sodales velit dapibus pulvinar. Praesent posuere sollicitudin molestie. Donec cursus enim et sapien fermentum tempus.",oami_intellectual_1|oami_intellectual_2|oami_intellectual_3|oami_intellectual_4
348,Blog - lorem ipsum lorem ipsum lorem ipsum lorem ipsum,"Lorem ipsum dolor sit amet, consectetur adipiscing elit. Vivamus vulputate sapien magna, in sodales velit dapibus pulvinar. Praesent posuere sollicitudin molestie. Donec cursus enim et sapien fermentum tempus.",oami_intellectual_1|oami_intellectual_2|oami_intellectual_3|oami_intellectual_4
349,Blog - lorem ipsum lorem ipsum,"Lorem ipsum dolor sit amet, consectetur adipiscing elit. Vivamus vulputate sapien magna, in sodales velit dapibus pulvinar. Praesent posuere sollicitudin molestie. Donec cursus enim et sapien fermentum tempus.",oami_intellectual_1|oami_intellectual_2|oami_intellectual_3|oami_intellectual_4
350,Blog - lorem ipsum lorem ipsum lorem ipsum lorem ipsum Blog - lorem ipsum lorem ipsum lorem ipsum lorem ipsum,"Lorem ipsum dolor sit amet, consectetur adipiscing elit. Vivamus vulputate sapien magna, in sodales velit dapibus pulvinar. Praesent posuere sollicitudin molestie. Donec cursus enim et sapien fermentum tempus.",oami_intellectual_1|oami_intellectual_2|oami_intellectual_3|oami_intellectual_4
351,Blog - lorem ipsum lorem ipsum lorem ipsum lorem ipsum,"Lorem ipsum dolor sit amet, consectetur adipiscing elit. Vivamus vulputate sapien magna, in sodales velit dapibus pulvinar. Praesent posuere sollicitudin molestie. Donec cursus enim et sapien fermentum tempus.",oami_intellectual_1|oami_intellectual_2|oami_intellectual_3|oami_intellectual_4
352,Blog - lorem ipsum lorem ipsum,"Lorem ipsum dolor sit amet, consectetur adipiscing elit. Vivamus vulputate sapien magna, in sodales velit dapibus pulvinar. Praesent posuere sollicitudin molestie. Donec cursus enim et sapien fermentum tempus.",oami_intellectual_1|oami_intellectual_2|oami_intellectual_3|oami_intellectual_4
353,Blog - lorem ipsum lorem ipsum lorem ipsum lorem ipsum Blog - lorem ipsum lorem ipsum lorem ipsum lorem ipsum,"Lorem ipsum dolor sit amet, consectetur adipiscing elit. Vivamus vulputate sapien magna, in sodales velit dapibus pulvinar. Praesent posuere sollicitudin molestie. Donec cursus enim et sapien fermentum tempus.",oami_intellectual_1|oami_intellectual_2|oami_intellectual_3|oami_intellectual_4
354,Blog - lorem ipsum lorem ipsum lorem ipsum lorem ipsum,"Lorem ipsum dolor sit amet, consectetur adipiscing elit. Vivamus vulputate sapien magna, in sodales velit dapibus pulvinar. Praesent posuere sollicitudin molestie. Donec cursus enim et sapien fermentum tempus.",oami_intellectual_1|oami_intellectual_2|oami_intellectual_3|oami_intellectual_4
355,Blog - lorem ipsum lorem ipsum,"Lorem ipsum dolor sit amet, consectetur adipiscing elit. Vivamus vulputate sapien magna, in sodales velit dapibus pulvinar. Praesent posuere sollicitudin molestie. Donec cursus enim et sapien fermentum tempus.",oami_intellectual_1|oami_intellectual_2|oami_intellectual_3|oami_intellectual_4
356,Blog - lorem ipsum lorem ipsum lorem ipsum lorem ipsum Blog - lorem ipsum lorem ipsum lorem ipsum lorem ipsum,"Lorem ipsum dolor sit amet, consectetur adipiscing elit. Vivamus vulputate sapien magna, in sodales velit dapibus pulvinar. Praesent posuere sollicitudin molestie. Donec cursus enim et sapien fermentum tempus.",oami_intellectual_1|oami_intellectual_2|oami_intellectual_3|oami_intellectual_4
357,Blog - lorem ipsum lorem ipsum lorem ipsum lorem ipsum,"Lorem ipsum dolor sit amet, consectetur adipiscing elit. Vivamus vulputate sapien magna, in sodales velit dapibus pulvinar. Praesent posuere sollicitudin molestie. Donec cursus enim et sapien fermentum tempus.",oami_intellectual_1|oami_intellectual_2|oami_intellectual_3|oami_intellectual_4
358,Blog - lorem ipsum lorem ipsum,"Lorem ipsum dolor sit amet, consectetur adipiscing elit. Vivamus vulputate sapien magna, in sodales velit dapibus pulvinar. Praesent posuere sollicitudin molestie. Donec cursus enim et sapien fermentum tempus.",oami_intellectual_1|oami_intellectual_2|oami_intellectual_3|oami_intellectual_4
359,Blog - lorem ipsum lorem ipsum lorem ipsum lorem ipsum Blog - lorem ipsum lorem ipsum lorem ipsum lorem ipsum,"Lorem ipsum dolor sit amet, consectetur adipiscing elit. Vivamus vulputate sapien magna, in sodales velit dapibus pulvinar. Praesent posuere sollicitudin molestie. Donec cursus enim et sapien fermentum tempus.",oami_intellectual_1|oami_intellectual_2|oami_intellectual_3|oami_intellectual_4
360,Blog - lorem ipsum lorem ipsum lorem ipsum lorem ipsum,"Lorem ipsum dolor sit amet, consectetur adipiscing elit. Vivamus vulputate sapien magna, in sodales velit dapibus pulvinar. Praesent posuere sollicitudin molestie. Donec cursus enim et sapien fermentum tempus.",oami_intellectual_1|oami_intellectual_2|oami_intellectual_3|oami_intellectual_4
361,Blog - lorem ipsum lorem ipsum,"Lorem ipsum dolor sit amet, consectetur adipiscing elit. Vivamus vulputate sapien magna, in sodales velit dapibus pulvinar. Praesent posuere sollicitudin molestie. Donec cursus enim et sapien fermentum tempus.",oami_intellectual_1|oami_intellectual_2|oami_intellectual_3|oami_intellectual_4
362,Blog - lorem ipsum lorem ipsum lorem ipsum lorem ipsum Blog - lorem ipsum lorem ipsum lorem ipsum lorem ipsum,"Lorem ipsum dolor sit amet, consectetur adipiscing elit. Vivamus vulputate sapien magna, in sodales velit dapibus pulvinar. Praesent posuere sollicitudin molestie. Donec cursus enim et sapien fermentum tempus.",oami_intellectual_1|oami_intellectual_2|oami_intellectual_3|oami_intellectual_4
363,Blog - lorem ipsum lorem ipsum lorem ipsum lorem ipsum,"Lorem ipsum dolor sit amet, consectetur adipiscing elit. Vivamus vulputate sapien magna, in sodales velit dapibus pulvinar. Praesent posuere sollicitudin molestie. Donec cursus enim et sapien fermentum tempus.",oami_intellectual_1|oami_intellectual_2|oami_intellectual_3|oami_intellectual_4
364,Blog - lorem ipsum lorem ipsum,"Lorem ipsum dolor sit amet, consectetur adipiscing elit. Vivamus vulputate sapien magna, in sodales velit dapibus pulvinar. Praesent posuere sollicitudin molestie. Donec cursus enim et sapien fermentum tempus.",oami_intellectual_1|oami_intellectual_2|oami_intellectual_3|oami_intellectual_4
365,Blog - lorem ipsum lorem ipsum lorem ipsum lorem ipsum Blog - lorem ipsum lorem ipsum lorem ipsum lorem ipsum,"Lorem ipsum dolor sit amet, consectetur adipiscing elit. Vivamus vulputate sapien magna, in sodales velit dapibus pulvinar. Praesent posuere sollicitudin molestie. Donec cursus enim et sapien fermentum tempus.",oami_intellectual_1|oami_intellectual_2|oami_intellectual_3|oami_intellectual_4
366,Blog - lorem ipsum lorem ipsum lorem ipsum lorem ipsum,"Lorem ipsum dolor sit amet, consectetur adipiscing elit. Vivamus vulputate sapien magna, in sodales velit dapibus pulvinar. Praesent posuere sollicitudin molestie. Donec cursus enim et sapien fermentum tempus.",oami_intellectual_1|oami_intellectual_2|oami_intellectual_3|oami_intellectual_4
367,Blog - lorem ipsum lorem ipsum,"Lorem ipsum dolor sit amet, consectetur adipiscing elit. Vivamus vulputate sapien magna, in sodales velit dapibus pulvinar. Praesent posuere sollicitudin molestie. Donec cursus enim et sapien fermentum tempus.",oami_intellectual_1|oami_intellectual_2|oami_intellectual_3|oami_intellectual_4
368,Blog - lorem ipsum lorem ipsum lorem ipsum lorem ipsum Blog - lorem ipsum lorem ipsum lorem ipsum lorem ipsum,"Lorem ipsum dolor sit amet, consectetur adipiscing elit. Vivamus vulputate sapien magna, in sodales velit dapibus pulvinar. Praesent posuere sollicitudin molestie. Donec cursus enim et sapien fermentum tempus.",oami_intellectual_1|oami_intellectual_2|oami_intellectual_3|oami_intellectual_4
369,Blog - lorem ipsum lorem ipsum lorem ipsum lorem ipsum,"Lorem ipsum dolor sit amet, consectetur adipiscing elit. Vivamus vulputate sapien magna, in sodales velit dapibus pulvinar. Praesent posuere sollicitudin molestie. Donec cursus enim et sapien fermentum tempus.",oami_intellectual_1|oami_intellectual_2|oami_intellectual_3|oami_intellectual_4
370,Blog - lorem ipsum lorem ipsum,"Lorem ipsum dolor sit amet, consectetur adipiscing elit. Vivamus vulputate sapien magna, in sodales velit dapibus pulvinar. Praesent posuere sollicitudin molestie. Donec cursus enim et sapien fermentum tempus.",oami_intellectual_1|oami_intellectual_2|oami_intellectual_3|oami_intellectual_4
371,Blog - lorem ipsum lorem ipsum lorem ipsum lorem ipsum Blog - lorem ipsum lorem ipsum lorem ipsum lorem ipsum,"Lorem ipsum dolor sit amet, consectetur adipiscing elit. Vivamus vulputate sapien magna, in sodales velit dapibus pulvinar. Praesent posuere sollicitudin molestie. Donec cursus enim et sapien fermentum tempus.",oami_intellectual_1|oami_intellectual_2|oami_intellectual_3|oami_intellectual_4
372,Blog - lorem ipsum lorem ipsum lorem ipsum lorem ipsum,"Lorem ipsum dolor sit amet, consectetur adipiscing elit. Vivamus vulputate sapien magna, in sodales velit dapibus pulvinar. Praesent posuere sollicitudin molestie. Donec cursus enim et sapien fermentum tempus.",oami_intellectual_1|oami_intellectual_2|oami_intellectual_3|oami_intellectual_4
373,Blog - lorem ipsum lorem ipsum,"Lorem ipsum dolor sit amet, consectetur adipiscing elit. Vivamus vulputate sapien magna, in sodales velit dapibus pulvinar. Praesent posuere sollicitudin molestie. Donec cursus enim et sapien fermentum tempus.",oami_intellectual_1|oami_intellectual_2|oami_intellectual_3|oami_intellectual_4
374,Blog - lorem ipsum lorem ipsum lorem ipsum lorem ipsum Blog - lorem ipsum lorem ipsum lorem ipsum lorem ipsum,"Lorem ipsum dolor sit amet, consectetur adipiscing elit. Vivamus vulputate sapien magna, in sodales velit dapibus pulvinar. Praesent posuere sollicitudin molestie. Donec cursus enim et sapien fermentum tempus.",oami_intellectual_1|oami_intellectual_2|oami_intellectual_3|oami_intellectual_4
375,Blog - lorem ipsum lorem ipsum lorem ipsum lorem ipsum,"Lorem ipsum dolor sit amet, consectetur adipiscing elit. Vivamus vulputate sapien magna, in sodales velit dapibus pulvinar. Praesent posuere sollicitudin molestie. Donec cursus enim et sapien fermentum tempus.",oami_intellectual_1|oami_intellectual_2|oami_intellectual_3|oami_intellectual_4
376,Blog - lorem ipsum lorem ipsum,"Lorem ipsum dolor sit amet, consectetur adipiscing elit. Vivamus vulputate sapien magna, in sodales velit dapibus pulvinar. Praesent posuere sollicitudin molestie. Donec cursus enim et sapien fermentum tempus.",oami_intellectual_1|oami_intellectual_2|oami_intellectual_3|oami_intellectual_4
377,Blog - lorem ipsum lorem ipsum lorem ipsum lorem ipsum Blog - lorem ipsum lorem ipsum lorem ipsum lorem ipsum,"Lorem ipsum dolor sit amet, consectetur adipiscing elit. Vivamus vulputate sapien magna, in sodales velit dapibus pulvinar. Praesent posuere sollicitudin molestie. Donec cursus enim et sapien fermentum tempus.",oami_intellectual_1|oami_intellectual_2|oami_intellectual_3|oami_intellectual_4
378,Blog - lorem ipsum lorem ipsum lorem ipsum lorem ipsum,"Lorem ipsum dolor sit amet, consectetur adipiscing elit. Vivamus vulputate sapien magna, in sodales velit dapibus pulvinar. Praesent posuere sollicitudin molestie. Donec cursus enim et sapien fermentum tempus.",oami_intellectual_1|oami_intellectual_2|oami_intellectual_3|oami_intellectual_4
379,Blog - lorem ipsum lorem ipsum,"Lorem ipsum dolor sit amet, consectetur adipiscing elit. Vivamus vulputate sapien magna, in sodales velit dapibus pulvinar. Praesent posuere sollicitudin molestie. Donec cursus enim et sapien fermentum tempus.",oami_intellectual_1|oami_intellectual_2|oami_intellectual_3|oami_intellectual_4
380,Blog - lorem ipsum lorem ipsum lorem ipsum lorem ipsum Blog - lorem ipsum lorem ipsum lorem ipsum lorem ipsum,"Lorem ipsum dolor sit amet, consectetur adipiscing elit. Vivamus vulputate sapien magna, in sodales velit dapibus pulvinar. Praesent posuere sollicitudin molestie. Donec cursus enim et sapien fermentum tempus.",oami_intellectual_1|oami_intellectual_2|oami_intellectual_3|oami_intellectual_4
381,Blog - lorem ipsum lorem ipsum lorem ipsum lorem ipsum,"Lorem ipsum dolor sit amet, consectetur adipiscing elit. Vivamus vulputate sapien magna, in sodales velit dapibus pulvinar. Praesent posuere sollicitudin molestie. Donec cursus enim et sapien fermentum tempus.",oami_intellectual_1|oami_intellectual_2|oami_intellectual_3|oami_intellectual_4
